Name,Type,RAB2000,DEB2000,Source,Const,l_size,size,mag,n_mag,Desc
  103, OC,00 25.3,+61 21,s,Cas, ,  5.0, 9.8, ,"Cl, pS, pC, st 11...18"
  110, OC,00 27.4,+71 23,r,Cas, ,     ,    , ,"Cl, pR, lC, st 9...12"
  129, OC,00 29.9,+60 14,s,Cas, , 21.0, 6.5, ,"Cl, vL, pR, lC, st 9...13"
  133, OC,00 31.2,+63 22,s,Cas, ,  7.0, 9.0,p,"Cl, pL, st 10..., D* inv"
I  24, OC,00 31.2,+30 51,x,And, ,     ,    , ,"S, Cl, 30""-40', nebs?"
  136, OC,00 31.5,+61 32,s,Cas, ,  1.0,    , ,"glob. cl. , vF, S, eC"
  146, OC,00 33.1,+63 18,s,Cas, ,  7.0, 9.1, ,"Cl, pL, lC, st 11-12, D*"
  176, OC,00 35.8,-73 11,r,Tuc, ,     ,12.0,p,"eF, S, vlE, r, *8 nr"
  189, OC,00 39.6,+61 04,s,Cas, ,  4.0, 8.8, ,"Cl, pL, R, st 11...15"
  220, OC,00 40.5,-73 24,r,Tuc, ,     ,11.0,p,"F, iR, vgbM, 1st of several"
  222, OC,00 40.6,-73 24,r,Tuc, ,     ,11.0,p,"vF, R, 2nd of several"
  231, OC,00 41.0,-73 22,r,Tuc, ,     ,12.0,p,i train of st and neb
  225, OC,00 43.4,+61 47,s,Cas, , 12.0, 7.0, ,"Cl, L, lC, st 9...10"
  242, OC,00 43.6,-73 27,r,Tuc, ,     ,12.0,p,"vF, S, biN"
  188, OC,00 44.0,+85 20,s,Cep, , 14.0, 8.1, ,"Cl, vL, R, 150-200 st 10...18"
  290, OC,00 51.3,-73 09,r,Tuc, ,     ,12.0,p,eF
  272, OC,00 51.4,+35 50,r,And, ,     ,    , ,"Cl, L, lC"
I1590, OC,00 53.1,+56 35,x,Cas, ,     ,    , ,"Cl, vL, st sc; 281 f"
  330, OC,00 56.2,-72 29,s,Tuc, ,  2.0, 9.6, ,"glob. cl. , vB, S, lE, st 13...15"
  371, OC,01 03.3,-72 05,s,Tuc, ,  8.0,    , ,"Cl, F, L, R, pC, st 14...16"
  366, OC,01 06.4,+62 14,s,Cas, ,  3.0,    , ,"Cl, S"
  381, OC,01 08.3,+61 35,s,Cas, ,  6.0, 9.0,p,"Cl, pC"
I1655, OC,01 11.9,-71 20,x,Tuc, ,     ,    , ,"Cl, C, eF, vS"
I1662, OC,01 12.6,-73 27,x,Tuc, ,     ,    , ,"vF, eS; vS Cl?"
  433, OC,01 15.3,+60 08,s,Cas, ,  3.0,    , ,"Cl, S, lC"
  465, OC,01 15.5,-73 20,D,Tuc, ,     ,    , ,"many st, no neb, perhaps Cl"
  436, OC,01 15.6,+58 49,s,Cas, ,  6.0, 8.8, ,"Cl, S, iF, pC"
  457, OC,01 19.1,+58 20,s,Cas, , 13.0, 6.4, ,"Cl, B, L, pRi, st 7, 8, 10"
  559, OC,01 29.5,+63 18,s,Cas, ,  4.0, 9.5, ,"Cl, B, pL, pRi"
  581, OC,01 33.2,+60 42,s,Cas, ,  6.0, 7.4, ,"Cl, pL, B, R, Ri, st 10...11; = M103"
  609, OC,01 37.2,+64 33,s,Cas, ,  3.0,11.0, ,"Cl, S, pRi, st 14..."
  637, OC,01 42.9,+64 00,s,Cas, ,  4.0, 8.2, ,"Cl, pS, B & vF st"
  657, OC,01 43.7,+55 53,r,Cas, ,     ,    , ,"Cl, pRi, st 12"
  654, OC,01 44.1,+61 53,s,Cas, ,  5.0, 6.5, ,"Cl, iF, Ri, one *6-7, st 11...14"
  659, OC,01 44.2,+60 42,s,Cas, ,  5.0, 7.9, ,"Cl, lRi, st B"
  663, OC,01 46.0,+61 15,s,Cas, , 16.0, 7.1, ,"Cl, B, L, eRi, st pL"
I 166, OC,01 52.5,+61 50,s,Cas, ,  5.0,11.7, ,"S Cl, nebulous?"
  752, OC,01 57.8,+37 41,s,And, , 50.0, 5.7, ,"Cl, vvL, Ri, st L & sc"
  744, OC,01 58.4,+55 29,s,Per, , 11.0, 7.9, ,"Cl, pL, pRi, iF, st 11...13"
  743, OC,01 58.7,+60 11,s,Cas, ,  5.0,    , ,"Cl, not Ri, D* (h 1098)"
  869, OC,02 19.0,+57 09,s,Per, , 30.0, 4.0,p,"! Cl, vvL, vRi, st 7...14"
  884, OC,02 22.4,+57 07,s,Per, , 30.0, 4.0,p,"! Cl, vL, vRi, ruby * M"
I1800, OC,02 28.6,+31 24,x,Tri, ,     ,    , ,"eF, S; eS Cl?"
  956, OC,02 32.4,+44 39,s,And, ,  8.0, 9.0,p,"Cl, pRi, st 9...15"
  957, OC,02 33.6,+57 32,s,Per, , 11.0, 7.6, ,"Cl, pL, pRi, st 13...15"
I1824, OC,02 41.3,+61 37,x,Cas, ,     ,    , ,"Cl, st F, perhaps F neby p extends to it"
 1039, OC,02 42.0,+42 47,s,Per, , 35.0, 5.2, ,"Cl, B, vL, lC, sc st 9; = M34"
 1027, OC,02 42.7,+61 33,s,Cas, , 20.0, 6.7, ,"Cl, L, sc st, one 10m"
I1872, OC,03 04.6,+42 49,x,Per, ,     ,    , ,Cl
 1193, OC,03 05.8,+44 23,s,Per, ,  2.0,13.0,p,"F, cL, er"
I 288, OC,03 07.5,+42 22,x,Per, ,     ,    , ,"vF, vS, R, 2 st nf; S Cl?"
 1220, OC,03 11.7,+53 20,s,Per, ,  2.0,12.0,p,"Cl, vS, st vF"
 1245, OC,03 14.7,+47 15,s,Per, , 10.0, 8.4, ,"Cl, pL, Ri, C, iR, st 12...15"
 1342, OC,03 31.6,+37 20,s,Per, , 14.0, 6.7, ,"Cl, vL, ab 60 st"
 1348, OC,03 33.8,+51 26,r,Per, ,     ,    , ,"Cl, lRi, st L"
 1444, OC,03 49.4,+52 40,s,Per, ,  4.0, 6.6, ,Cl of ab 30 st 12...14
 1520, OC,03 57.5,-76 50,A,Men, ,     ,    , ,"Cl, pL, lRi, st 9-10"
 1496, OC,04 04.4,+52 37,s,Per, ,  6.0,10.0,p,"Cl, segment of a ring"
 1502, OC,04 07.7,+62 20,s,Cam, ,  8.0, 5.7, ,"Cl, pRi, cC, iF"
 1513, OC,04 10.0,+49 31,s,Per, ,  9.0, 8.4, ,"Cl, L, vRi, pC, st vL"
 1528, OC,04 15.4,+51 14,s,Per, , 24.0, 6.4, ,"Cl, B, vRi, cC"
I 361, OC,04 19.0,+58 18,s,Cam, ,  6.0,11.7, ,"F, L (neb Cl?)"
 1545, OC,04 20.9,+50 15,s,Per, , 18.0, 6.2, ,"Cl, pRi, lC, st L"
 1548, OC,04 21.0,+36 56,r,Per, ,     ,    , ,"Cl, vL, lRi, lC, st 10...12"
 1629, OC,04 29.3,-71 50,r,Hyi, ,     ,    , ,"vF, pL, R, glbM"
I2074, OC,04 31.3,+07 42,x,Tau, ,     ,    , ,"vF, S, st inv; S Cl?"
 1582, OC,04 32.0,+43 51,s,Per, , 37.0, 7.0,p,"Cl, vL, pRi, lC, st L"
 1605, OC,04 35.0,+45 15,s,Per, ,  5.0,10.7, ,"Cl, vF, pS, C, st eS"
 1641, OC,04 36.1,-65 46,r,Dor, ,     ,    , ,"Cl, pL, pRi, pmC, st 11...16"
 1673, OC,04 42.4,-69 51,r,Men, ,     ,    , ,"vF, S, att to *10"
 1676, OC,04 43.7,-68 50,r,Dor, ,     ,    , ,"vF, pL, iR, r"
 1647, OC,04 46.0,+19 04,s,Tau, , 45.0, 6.4, ,"Cl, vL, st L, sc"
 1693, OC,04 47.5,-69 21,r,Dor, ,     ,    , ,"F, S, R"
 1695, OC,04 47.6,-69 24,r,Dor, ,     ,    , ,"F, S, R"
 1696, OC,04 48.0,-68 16,r,Dor, ,     ,    , ,"vF, E, vlbM"
 1662, OC,04 48.5,+10 56,s,Ori, , 20.0, 6.4, ,Cl of L & S sc st
 1663, OC,04 48.6,+13 10,r,Ori, ,     ,    , ,"Cl, lRi, st L & S"
 1697, OC,04 48.6,-68 32,r,Dor, ,     ,    , ,"glob. cl. , pB, L, R, rr"
 1702, OC,04 49.3,-69 51,r,Men, ,     ,    , ,"Cl, vF, S"
 1704, OC,04 49.7,-69 45,r,Dor, ,     ,    , ,"F, pS, lE, r"
 1711, OC,04 50.5,-70 00,r,Men, ,     ,10.0,p,"glob. cl. , B, S, iR, rrr, st 14"
 1664, OC,04 51.1,+43 42,s,Aur, , 18.0, 7.6, ,"Cl, lRi, lC, pL"
 1718, OC,04 52.2,-67 04,r,Dor, ,     ,    , ,"F, pS, R, vglbM"
 1732, OC,04 52.9,-68 40,r,Dor, ,     ,    , ,"S, R, close **  in M"
 1734, OC,04 53.3,-68 47,r,Dor, ,     ,    , ,"pB, L, R, gmbM"
 1733, OC,04 53.9,-66 41,r,Dor, ,     ,    , ,"eF, pS, R, gbM"
 1749, OC,04 54.6,-68 12,r,Dor, ,     ,    , ,"vF, R, p of 2"
 1756, OC,04 54.6,-69 15,r,Dor, ,     ,    , ,"vF, S, R"
 1755, OC,04 55.0,-68 11,s,Dor, ,  2.0, 9.9, ,"vB, pL, R, gbM, f of 2"
 1766, OC,04 55.8,-70 14,r,Men, ,     ,    , ,"cF, S, gbM"
 1777, OC,04 55.8,-74 17,r,Men, ,     ,    , ,"eF, E, ** 9 att, f"
 1764, OC,04 56.2,-67 41,r,Dor, ,     ,    , ,"vF, S, R"
 1768, OC,04 56.7,-68 15,r,Dor, ,     ,    , ,"F, S, R, gbM"
 1775, OC,04 56.8,-70 26,r,Men, ,     ,    , ,"eF, pL, iR"
 1774, OC,04 57.8,-67 15,r,Dor, ,     ,10.0,p,"B, S, R, smbM, **  + neb"
 1789, OC,04 57.8,-71 54,r,Men, ,     ,    , ,"vF, pS, R, vglbM"
 1776, OC,04 58.4,-66 26,r,Dor, ,     ,    , ,"vF, S, R, gbM"
 1787, OC,04 59.1,-65 44,r,Dor, ,     ,    , ,"Cl, vL, pRi"
 1793, OC,04 59.4,-69 33,r,Dor, ,     ,    , ,"F, S, R, glbM"
 1801, OC,05 00.5,-69 38,r,Dor, ,     ,    , ,"F, pL, R, vglbM, p of 2"
 1804, OC,05 00.9,-69 05,r,Dor, ,     ,    , ,"F, S, R, bM"
 1805, OC,05 02.2,-66 06,r,Dor, ,     ,10.0,p,"B, vS, vsmbM, st + neb"
 1815, OC,05 02.3,-70 37,r,Men, ,     ,    , ,"F, vS, R, vlbM, am st"
 1813, OC,05 02.6,-70 19,r,Men, ,     ,    , ,"vF, S, R, r"
 1810, OC,05 03.1,-66 22,r,Dor, ,     ,    , ,"cF, S, R, lbM, glob. cl.  f"
 1724, OC,05 03.5,+49 30,o,Aur, ,     ,10.0,p,"Cl, vS, st + neb?"
 1823, OC,05 03.5,-70 21,r,Men, ,     ,    , ,"Cl, pF, L, iF, st 12...15"
 1746, OC,05 03.6,+23 49,s,Tau, , 42.0, 6.0,p,"Cl, P"
 1820, OC,05 03.8,-67 17,r,Dor, ,     , 9.0,p,"Cl, pL, Ri, C, iF"
 1750, OC,05 03.9,+23 39,s,Tau, ,     ,    , ,"Cl, st L, vc sc"
 1825, OC,05 04.1,-68 55,r,Dor, ,     ,    , ,"no descr, in LMC"
 1828, OC,05 04.1,-69 23,r,Dor, ,     ,    , ,"F, S, R, 1st of 3"
 1818, OC,05 04.2,-66 24,s,Dor, ,  3.0, 9.8, ,"glob. cl. , vB, pL, R, vmC, rr"
 1758, OC,05 04.4,+23 46,r,Tau, ,     ,    , ,"Cl, pC, st L and S"
 1830, OC,05 04.5,-69 20,r,Dor, ,     ,    , ,"F, pS, R, 2nd of 3"
 1822, OC,05 05.0,-66 12,r,Dor, ,     ,    , ,"vF, S, p of 2"
 1836, OC,05 05.3,-68 37,r,Dor, ,     ,    , ,"st + neb, 1st of sev"
 1826, OC,05 05.4,-66 13,r,Dor, ,     ,    , ,"vF, S, f of 2"
 1838, OC,05 05.9,-68 27,r,Dor, ,     ,    , ,"Cl, L, vlC"
 1831, OC,05 06.1,-64 55,r,Dor, ,     ,11.0,p,"B, L, R, glbM, r"
 1845, OC,05 06.3,-70 28,r,Men, ,     ,    , ,"Cl, vlCM, st 9, 11...16"
 1840, OC,05 06.4,-71 49,r,Men, ,     ,    , ,"F, R, bM, r"
 1847, OC,05 06.9,-68 59,r,Dor, ,     ,    , ,"B, S, lE, **  in M"
 1842, OC,05 07.1,-67 16,r,Dor, ,     ,    , ,"vvF, R, p of 2"
 1844, OC,05 07.2,-67 19,r,Dor, ,     ,    , ,"pF, pL, R, gbM, f of 2"
 1778, OC,05 08.1,+37 03,s,Aur, ,  7.0, 7.7, ,"Cl, pC, lRi, iF, st L"
 1850, OC,05 08.5,-68 46,s,Dor, ,  3.0, 9.3, ,"glob. cl. ! vB, L, lE, vmCM, rr"
 1854, OC,05 09.1,-68 51,r,Dor, ,     ,10.0,p,"glob. cl. , cB, S, R, gbM, 2nd of 3"
 1849, OC,05 09.2,-66 18,r,Dor, ,     ,    , ,"vF, S, lE, glbM"
 1856, OC,05 09.4,-69 08,r,Dor, ,     ,10.0,p,"B, pL, R, gbM, 12s  diam RA"
 1861, OC,05 10.1,-70 46,r,Men, ,     ,    , ,"eF, pL, R, gvlbM"
 1860, OC,05 10.4,-68 46,r,Dor, ,     ,    , ,"F, pL, R, vgbM"
 1807, OC,05 10.7,+16 32,s,Tau, , 17.0, 7.0, ,"Cl, pRi, st L & S"
 1859, OC,05 11.4,-65 13,r,Dor, ,     ,    , ,"F, S, R, vgbM, *7 nf 6'"
 1863, OC,05 11.4,-68 47,r,Dor, ,     ,    , ,"vB, vS, R, r or stellar"
 1817, OC,05 12.1,+16 42,s,Tau, , 16.0, 7.7, ,"Cl, L, Ri, lC, st 11...14"
 1862, OC,05 12.2,-66 08,r,Dor, ,     ,    , ,"pF, L, iR, vgbM, r"
 1865, OC,05 12.2,-68 47,r,Dor, ,     ,    , ,"vF, pL, R, vglbM"
 1864, OC,05 12.5,-67 38,r,Dor, ,     ,    , ,"F, pS, iR, bM, r or stellar"
 1878, OC,05 12.6,-70 28,r,Men, ,     ,    , ,"vF, lE, gvlbM, R"
 1870, OC,05 13.0,-69 08,r,Dor, ,     ,    , ,"B, S, R, glbM"
 1866, OC,05 13.5,-65 28,s,Dor, ,  5.0, 9.8, ,"vB, L, R, vgmbM, r"
 1867, OC,05 13.5,-66 17,r,Dor, ,     ,    , ,"eF, pL, R"
 1890, OC,05 13.9,-72 04,r,Men, ,     ,    , ,"vF, S, R, glbM"
 1885, OC,05 15.0,-68 58,r,Dor, ,     ,    , ,"pB, vS, R, bM"
 1882, OC,05 15.2,-66 07,r,Dor, ,     ,    , ,"pF, R, vgvlbM, r"
 1894, OC,05 15.7,-69 27,r,Dor, ,     ,    , ,"F, pL, R, sbM, r, st inv"
 1887, OC,05 15.8,-66 18,r,Dor, ,     ,    , ,"vF, vS, R, * p 25"""
 1903, OC,05 17.2,-69 18,r,Dor, ,     ,12.0,p,"vB, S, R, gmbM"
 1897, OC,05 17.4,-67 26,r,Dor, ,     ,    , ,"eF, S, R"
 1916, OC,05 17.5,-69 22,r,Dor, ,     ,    , ,"B, S, R, vgvmbM, r"
 1901, OC,05 17.8,-68 26,r,Dor, ,     ,    , ,"Cl, bM, lRi, st 7..."
I 406, OC,05 17.8,+39 53,x,Aur, ,     ,    , ,"eF, neb or eS neb Cl"
 1902, OC,05 18.1,-66 37,r,Dor, ,     ,    , ,"glob. cl. , pB, pL, R, pmbM, rr"
 1910, OC,05 18.1,-69 13,s,Dor, ,  1.0,    , ,"Cl, L, pRi, iR, st 11...16"
 1905, OC,05 18.2,-67 15,r,Dor, ,     ,    , ,"F, S, R, r"
 1913, OC,05 18.4,-69 33,r,Dor, ,     ,    , ,"no descr, in LMC"
 1900, OC,05 19.0,-63 02,r,Dor, ,     ,    , ,"F, pL, lE, vgvlbM, *7 np"
 1922, OC,05 19.7,-69 29,r,Dor, ,     ,    , ,"no descr, in LMC"
 1857, OC,05 20.2,+39 21,s,Aur, ,  6.0, 7.0, ,"Cl, pRi, pC, st 7..."
 1926, OC,05 20.5,-69 30,r,Dor, ,     ,    , ,"pB, pL, iR, r, in dif n"
 1928, OC,05 20.8,-69 29,r,Dor, ,     ,    , ,"pF, pL, R, gbM"
 1938, OC,05 21.4,-69 55,r,Men, ,     ,    , ,"pB, pS, R, glbM, D with 1939, pos 339deg"
 1939, OC,05 21.4,-69 56,r,Men, ,     ,    , ,"F, S, R, glbM, D with 1938"
 1944, OC,05 21.9,-72 30,r,Men, ,     ,    , ,"pB, pL, R, bM"
 1933, OC,05 22.2,-66 09,D,Dor, ,     ,    , ,"eF, R, stellar, D with 1932"
 1932, OC,05 22.4,-66 09,D,Dor, ,     ,    , ,"pB, S, R, smbM, D with 1933, pos 260deg , 80"""
 1940, OC,05 22.6,-67 12,r,Dor, ,     ,    , ,"pB, vS, R, bM, 2 st 9 & 10 f"
 1893, OC,05 22.7,+33 24,s,Aur, , 11.0, 7.5, ,"Cl, L, Ri, lC"
 1950, OC,05 24.5,-69 57,r,Men, ,     ,    , ,the 1st of a group of 7!
 1942, OC,05 24.7,-63 56,r,Dor, ,     ,    , ,"eF, stell, *14 + neb"
 1946, OC,05 25.1,-66 25,r,Dor, ,     ,    , ,"pF, R, gbM, r"
 1958, OC,05 25.5,-69 50,r,Dor, ,     ,    , ,"F, pL, iR, vgbM, 2nd of group!"
 1959, OC,05 25.8,-69 56,r,Men, ,     ,    , ,"F, vL, vgbM, 3rd of group!"
 1883, OC,05 25.9,+46 33,s,Aur, ,  3.0,12.0,p,"Cl, vF, pRi, pC, iF"
 1951, OC,05 25.9,-66 36,r,Dor, ,     ,10.0,p,"B, lE, sbM ** 10 & 11"
 1967, OC,05 26.5,-69 04,r,Dor, ,     ,    , ,"no descr, in LMC"
 1969, OC,05 26.5,-69 49,r,Dor, ,     ,    , ,"F, S, 4th of gr of 7"
 1971, OC,05 26.7,-69 51,r,Dor, ,     ,    , ,5th of gr of 7
 1972, OC,05 26.7,-69 49,r,Dor, ,     ,    , ,"6th of gr of 7! D, a vS neb np"
 2000, OC,05 27.4,-71 55,r,Men, ,     ,    , ,"F, pL, R, vlbM"
 1986, OC,05 27.5,-69 58,r,Men, ,     ,11.0,p,"B, pL, R, gbM"
 1907, OC,05 28.0,+35 19,s,Aur, ,  7.0, 8.2, ,"Cl, pRi, pC, R, st 9...12"
 1994, OC,05 28.2,-69 07,r,Dor, ,     ,    , ,"Cl, eS, st 11...16"
 1912, OC,05 28.7,+35 50,s,Aur, , 21.0, 6.4, ,"Cl, B, vL, vRi, iF, st L & S; = M38"
 2005, OC,05 30.0,-69 44,r,Dor, ,     ,    , ,"no description, in LMC"
 2002, OC,05 30.2,-66 52,r,Dor, ,     ,    , ,"vB, S, R, **  + neb in vLCl"
 1997, OC,05 30.5,-63 12,r,Dor, ,     ,    , ,"eF, cS, R"
 2004, OC,05 30.6,-67 17,s,Dor, ,     , 9.8, ,"glob. cl. , B, pL, pRi, C, st 12"
 2010, OC,05 30.6,-70 49,r,Men, ,     ,    , ,"F, cL, R, vglbM"
 2003, OC,05 30.7,-66 27,r,Dor, ,     ,    , ,"B, S, stellar, r"
 2009, OC,05 30.8,-69 09,r,Dor, ,     ,    , ,"pF, pS, R, glbM, in Cl"
 2006, OC,05 31.2,-66 57,r,Dor, ,     ,    , ,"Cl, eL, vRi, vBvSNM"
 2016, OC,05 31.5,-69 56,r,Men, ,     ,    , ,"F, vL, iR, gbM"
 2025, OC,05 33.1,-71 44,r,Men, ,     ,    , ,"vB, vS, lE, gmbM, r"
I2140, OC,05 33.2,-75 22,x,Men, ,     ,    , ,"eF, vS; eS Cl?"
 2028, OC,05 33.7,-69 56,r,Men, ,     ,    , ,vF
 2031, OC,05 33.7,-70 59,r,Men, ,     ,    , ,"glob. cl. , B, pL, R, gbM, rr"
 2036, OC,05 34.4,-70 04,r,Men, ,     ,    , ,"vF, pL, R, gbM"
 2038, OC,05 34.5,-70 33,r,Men, ,     ,    , ,"pB, S, R, gbM, *9 np 5'"
 1981, OC,05 35.2,-04 26,s,Ori, , 25.0, 4.6, ,"Cl, vB, lRi, st L, sc"
 2046, OC,05 35.3,-70 14,r,Men, ,     ,    , ,"vF, R, gbM, 1st of 7"
 2047, OC,05 35.6,-70 11,r,Men, ,     ,    , ,"F, S, lE, 2nd of 7"
 1960, OC,05 36.1,+34 08,s,Aur, , 12.0, 6.0, ,"Cl, B, vL, vRi, lC, st 9...11 sc; = M36"
 2051, OC,05 36.2,-71 00,r,Men, ,     ,    , ,"pB, S, R, gbM"
 2041, OC,05 36.4,-66 58,r,Dor, ,     ,10.0,p,"B, S, R, vglbM"
 2056, OC,05 36.5,-70 40,r,Men, ,     ,    , ,"pB, R, bM, p of 2, *9 bet"
 2058, OC,05 36.6,-70 08,r,Men, ,     ,12.0,p,"vB, pL, R, gbM, 4th of 7"
 2057, OC,05 36.7,-70 15,r,Men, ,     ,    , ,"pF, S, R, gbM, 3rd of 7"
 2059, OC,05 36.7,-70 06,r,Men, ,     ,    , ,"vF, 5th of 7"
 2053, OC,05 37.3,-67 24,r,Dor, ,     ,    , ,"F, pL, lE, gbM"
 2065, OC,05 37.3,-70 13,r,Men, ,     ,11.0,p,"B, R, 6th of 7"
 2066, OC,05 37.5,-70 10,r,Men, ,     ,    , ,"vF, vS, E, 7th of 7"
I2146, OC,05 37.8,-74 46,x,Men, ,     ,    , ,"Cl, vF, bet 2 st"
 2072, OC,05 38.1,-70 14,r,Men, ,     ,    , ,"vF, S"
 2062, OC,05 40.0,-66 53,r,Dor, ,     ,    , ,"vF, pS, E, glbM, 2 st 10 s"
 2088, OC,05 40.8,-69 28,r,Dor, ,     ,    , ,"vF, S, R"
 2091, OC,05 40.9,-69 26,r,Dor, ,     ,    , ,"vF, S, mE, glbM; D?"
 2092, OC,05 41.5,-69 13,r,Dor, ,     ,    , ,"vF, pL, R, rr"
 2100, OC,05 42.0,-69 14,s,Dor, ,  2.0, 9.6, ,"glob. cl. , B, pL, irr R, rr"
 2094, OC,05 42.1,-68 21,r,Dor, ,     ,    , ,"vF, S, R"
 2096, OC,05 42.2,-68 28,r,Dor, ,     ,    , ,"neb, no descrip, in LMC"
 2102, OC,05 42.2,-69 29,r,Dor, ,     ,    , ,"neb, no descrip, in LMC"
 2095, OC,05 42.7,-67 19,r,Dor, ,     ,    , ,"Cl, F, cS, irr"
 2107, OC,05 43.2,-70 37,r,Men, ,     ,11.0,p,"pB, pS, R, gbM"
 2097, OC,05 44.1,-62 47,r,Dor, ,     ,    , ,"vF, pS, iR, pslbM *16"
 2105, OC,05 44.2,-66 25,r,Dor, ,     ,    , ,"F, pS, R, gbM"
 2111, OC,05 44.7,-70 57,r,Men, ,     ,    , ,"vF, S, R, gbM"
 2114, OC,05 45.8,-68 03,r,Dor, ,     ,    , ,"eF, pL, iR"
 2116, OC,05 46.9,-68 32,r,Dor, ,     ,    , ,"F, S, R, *11 p"
 2118, OC,05 47.2,-69 09,r,Dor, ,     ,    , ,"glob. cl. , vB, vS, vsmbM, rr"
 2117, OC,05 47.3,-67 28,r,Dor, ,     ,    , ,"F, pL, iR, vlbM, rrr"
 2134, OC,05 50.1,-71 07,r,Men, ,     ,11.0,p,"glob. cl. , B, pL, R, gmbM, r"
 2125, OC,05 50.7,-69 29,r,Dor, ,     ,    , ,"vF, pS, R, gbM"
 2127, OC,05 51.1,-69 22,r,Dor, ,     ,    , ,"pB, vS, R, gmbM"
 2123, OC,05 51.7,-65 19,r,Dor, ,     ,    , ,"pB, vS, R, gbM"
 2130, OC,05 52.1,-67 20,r,Dor, ,     ,    , ,"F, pS, R, glbM"
 2099, OC,05 52.4,+32 33,s,Aur, , 24.0, 5.6, ,"Cl, Ri, pCM, st L & S; = M37"
 2136, OC,05 52.8,-69 30,r,Dor, ,     ,10.0,p,"glob. cl. , pB, R, gmbM, rr, st 14...16"
 2135, OC,05 53.1,-67 26,r,Dor, ,     ,    , ,"F, pS, R, r, am st"
 2137, OC,05 53.2,-69 29,r,Dor, ,     ,    , ,"vF, S, R, f of 2"
 2112, OC,05 53.9,+00 24,s,Ori, , 11.0, 9.0,p,"Cl, pL, lRi, pC, st S"
 2140, OC,05 54.0,-68 36,r,Dor, ,     ,    , ,"pF, pS, iR, bM"
 2138, OC,05 54.5,-65 50,r,Dor, ,     ,    , ,"eF, S, R"
 2145, OC,05 54.5,-70 55,r,Men, ,     ,    , ,"F, lE, r"
 2151, OC,05 56.3,-69 01,r,Dor, ,     ,    , ,"F, pS, R, bM"
 2157, OC,05 57.3,-69 11,r,Dor, ,     ,10.0,p,"glob. cl. , vB, S, R, vgvmbM, rr"
 2153, OC,05 57.5,-66 24,r,Dor, ,     ,    , ,"eeF, lE, *16 att"
 2156, OC,05 57.6,-68 27,r,Dor, ,     ,    , ,"pB, S, R, gbM, 1st of 3"
 2159, OC,05 57.9,-68 38,r,Dor, ,     ,    , ,"pF, S, R, gbM, *15 att nf"
 2160, OC,05 58.0,-68 17,r,Dor, ,     ,    , ,"pF, pS, R, gbM"
 2164, OC,05 58.7,-68 31,r,Dor, ,     ,10.0,p,"glob. cl. , vB, R, mCM, rr"
 2166, OC,05 59.3,-67 56,r,Dor, ,     ,    , ,"F, S, R, gbM"
 2172, OC,05 59.9,-68 38,r,Dor, ,     ,    , ,"F, cL, R, lbM"
 2129, OC,06 01.0,+23 18,s,Gem, ,  7.0, 6.7, ,"Cl, pL, 40 or 50 st 8...15"
 2177, OC,06 01.0,-67 43,r,Dor, ,     ,    , ,"F, vS, iR, lbM, r"
 2176, OC,06 01.4,-66 51,r,Dor, ,     ,    , ,"eeF, pL, R, gbM"
 2181, OC,06 02.6,-65 15,r,Dor, ,     ,    , ,"vF, S, R"
 2126, OC,06 03.0,+49 54,s,Aur, ,  6.0,10.0,p,"Cl, not Ri, *7 n"
 2141, OC,06 03.1,+10 26,s,Ori, , 10.0, 9.4, ,"F, pS, dif"
 2203, OC,06 04.7,-75 26,r,Men, ,     ,    , ,F Cl
I2156, OC,06 04.8,+24 09,x,Gem, ,     ,    , ,"Cl, nebs?"
I2157, OC,06 05.0,+24 00,s,Gem, ,  7.0, 8.4, ,"Cl, S"
 2197, OC,06 05.9,-67 05,r,Dor, ,     ,    , ,"vF, pS, R, gbM"
 2158, OC,06 07.5,+24 06,s,Gem, ,  5.0, 8.6, ,"Cl, pS, mC, vRi, irr triangle st eS"
 2169, OC,06 08.4,+13 57,s,Ori, ,  7.0, 5.9, ,"Cl, S, lRi, pmC, **  (ADS 4728)"
 2168, OC,06 08.9,+24 20,s,Gem, , 28.0, 5.1, ,"Cl, vL, cRi, pC, st 9...16; = M35"
 2175, OC,06 09.8,+20 19,s,Ori, , 18.0, 6.8, ,*8 in neb
 2184, OC,06 10.9,-03 31,F,Ori, ,     ,    , ,"Cl, L, vlC"
 2186, OC,06 12.2,+05 27,s,Ori, ,  4.0, 8.7, ,"Cl, pL, pRi, pC, st L and S"
 2214, OC,06 12.8,-68 16,r,Dor, ,     ,11.0,p,"B, pS, lE, gbM, rrr"
 2194, OC,06 13.8,+12 48,s,Ori, , 10.0, 8.5, ,"Cl, L, Ri, gvmCM"
 2192, OC,06 15.2,+39 51,s,Aur, ,  6.0,11.0,p,"Cl, cL, C, iF, st vS"
 2204, OC,06 15.7,-18 39,s,CMa, , 13.0, 8.6, ,"Cl, L, pRi, lC"
 2215, OC,06 21.0,-07 17,s,Mon, , 11.0, 8.4, ,"Cl, cL, pRi, pC, st 11...15"
 2241, OC,06 22.7,-68 57,r,Dor, ,     ,    , ,"vF, pL, R, glbM"
 2225, OC,06 26.6,-09 39,F,Mon, ,     ,    , ,"Cl, P, lCM, st 12...15"
 2232, OC,06 26.6,-04 45,s,Mon, , 30.0, 3.9, ,B* (10 Mon) + Cl
 2236, OC,06 29.7,+06 50,s,Mon, ,  7.0, 8.5, ,"Cl, pRi, pC, st 10, 12...15"
 2243, OC,06 29.8,-31 17,s,CMa, ,  5.0, 9.4, ,"F Cl, st 9...11"
 2239, OC,06 31.0,+04 57,s,Mon, , 16.0,    , ,"*8 in L, P, B Cl"
 2244, OC,06 32.4,+04 52,s,Mon, , 24.0, 4.8, ,"Cl, beautiful, st sc (12 Mon)"
 2250, OC,06 32.8,-05 02,s,Mon, ,  8.0, 9.0,p,"Cl, pRi, lC, iF, st 8, 12...14"
I2168, OC,06 33.8,+44 41,x,Aur, ,     ,    , ,"Cl, S, F neby"
 2251, OC,06 34.7,+08 22,s,Mon, , 10.0, 7.3, ,"Cl, vL, E, Ri, lC"
 2252, OC,06 35.0,+05 23,s,Mon, , 20.0, 8.0,p,"Cl, vL, pRi, lC, st S"
 2254, OC,06 36.0,+07 40,s,Mon, ,  4.0, 9.7, ,"Cl, S, pC, iF, st 11...13"
 2262, OC,06 38.4,+01 11,s,Mon, ,  4.0,11.0,p,"Cl, vC, iR, bM, st eS"
 2259, OC,06 38.6,+10 53,s,Mon, ,  5.0,11.0,p,"Cl, cRi, eC, iF, st eS"
 2253, OC,06 42.4,+66 20,A,Cam, ,     ,    , ,"vF, st eS"
 2266, OC,06 43.2,+26 58,s,Gem, ,  7.0,10.0,p,"Cl, pS, eC, Ri, st 11...15"
 2269, OC,06 43.9,+04 34,s,Mon, ,  4.0,10.0, ,"Cl, vmC, not Ri, st vS"
 2287, OC,06 47.0,-20 44,s,CMa, , 38.0, 4.5, ,"Cl, vL, B, lC, st 8...; = M41"
 2286, OC,06 47.6,-03 10,s,Mon, , 15.0, 7.5, ,"Cl, L, C, ab 100 st 9...15"
 2281, OC,06 49.3,+41 04,s,Aur, , 15.0, 5.4, ,"Cl, pRi, vlC, st pL"
 2301, OC,06 51.8,+00 28,s,Mon, , 12.0, 6.0, ,"Cl, Ri, L, iF, st L & S"
 2302, OC,06 51.9,-07 04,s,Mon, ,  3.0, 8.9, ,"Cl, L, P, lC"
 2304, OC,06 55.0,+18 01,s,Gem, ,  5.0,10.0,p,"Cl, pL, Ri, mC, st vS"
 2309, OC,06 56.2,-07 12,s,Mon, ,  3.0,11.0,p,"Cl, pL, pRi, mC, st 13"
 2311, OC,06 57.8,-04 35,s,Mon, ,  7.0,10.0,p,"Cl, lC, not Ri"
 2318, OC,06 59.5,-13 42,F,CMa, ,     ,    , ,"Cl, L, sc st 8...9"
 2323, OC,07 03.2,-08 20,s,Mon, , 16.0, 5.9, ,"! Cl, vL, Ri, pC, E, st 12...16; = M50"
 2324, OC,07 04.2,+01 03,s,Mon, ,  8.0, 8.4, ,"Cl, L, Ri, cC, st 12...16"
 2335, OC,07 06.6,-10 05,s,Mon, , 12.0, 7.2, ,"Cl, L, lC"
 2331, OC,07 07.2,+27 21,s,Gem, , 18.0, 9.0,p,"Cl, L, vlC, S Cl inv"
 2343, OC,07 08.3,-10 39,s,Mon, ,  7.0, 6.7, ,"Cl, cL, P, lC"
 2345, OC,07 08.3,-13 10,s,CMa, , 12.0, 7.7, ,"Cl, pL, pRi, gbM, st 10...14"
 2354, OC,07 14.3,-25 44,s,CMa, , 20.0, 6.5, ,"Cl, cRi, lC"
 2353, OC,07 14.6,-10 18,s,Mon, , 20.0, 7.1, ,"Cl, L, lC, one vB*"
 2355, OC,07 16.9,+13 47,s,Gem, ,  9.0,10.0,p,"Cl, pS, pRi, mC, st 15...16"
 2360, OC,07 17.8,-15 37,s,CMa, , 13.0, 7.2, ,"Cl, vL, Ri, pC, st 9...12"
 2367, OC,07 20.1,-21 56,s,CMa, ,  4.0, 7.9, ,"Cl, S, P, lC"
 2364, OC,07 20.8,-07 34,F,Mon, ,     ,    , ,"Cl, pC, st pL, bifid"
 2368, OC,07 21.0,-10 23,s,Mon, ,  5.0,12.0,p,"Cl, S, pRi, st 15"
 2374, OC,07 24.0,-13 16,s,CMa, , 19.0, 8.0, ,"Cl, vL, pRi, lC, st L"
 2383, OC,07 24.8,-20 56,s,CMa, ,  6.0, 8.4, ,"Cl, pS, pmC, st 12"
 2384, OC,07 25.1,-21 02,s,CMa, ,  3.0, 7.4, ,"Cl, lC, bifid, **"
 2395, OC,07 27.1,+13 35,s,Gem, , 12.0, 8.0, ,"Cl, pRi, C"
 2396, OC,07 28.1,-11 44,s,Pup, , 10.0, 7.0,p,"Cl, vL, vlC"
 2401, OC,07 29.4,-13 58,s,Pup, ,  2.0,13.0,p,"Cl, S, cRi, cC, st vS"
 2414, OC,07 33.3,-15 27,s,Pup, ,  4.0, 7.9, ,"Cl, P, lC, st 9..."
 2421, OC,07 36.3,-20 37,s,Pup, , 10.0, 8.3, ,"Cl, L, cRi, st 11...13"
 2422, OC,07 36.6,-14 30,s,Pup, , 30.0, 4.4, ,"Cl, B, vL, pRi, st L and S; = M47"
 2423, OC,07 37.1,-13 52,s,Pup, , 19.0, 6.7, ,"Cl, vL, Ri, pC, st vS"
 2425, OC,07 38.3,-14 52,s,Pup, ,  3.0,    , ,"Cl, P, S, st vS"
 2420, OC,07 38.5,+21 34,s,Gem, , 10.0, 8.3, ,"Cl, cL, Ri, C, st 11...18"
 2439, OC,07 40.8,-31 39,s,Pup, , 10.0, 6.9, ,"Cl, B, pRi, pL, lC,  st 9, 12...14"
 2432, OC,07 40.9,-19 05,s,Pup, ,  8.0,10.0,p,"Cl, pL, pC, E 0deg , st L and S"
 2437, OC,07 41.8,-14 49,s,Pup, , 27.0, 6.1, ,"!, Cl, vB, vRi, vL, inv PN ; = M46"
 2447, OC,07 44.6,-23 52,s,Pup, , 22.0, 6.2, ,"Cl, L, pRi, lC, st 8...13; = M93"
 2451, OC,07 45.4,-37 58,s,Pup, , 45.0, 2.8, ,"Cl, vvL, vlC, one *4.5"
 2453, OC,07 47.8,-27 14,s,Pup, ,  5.0, 8.3, ,"Cl, S, pRi, pC"
 2455, OC,07 49.0,-21 18,s,Pup, ,  8.0,10.0,p,"Cl, cL, pRi, lC, st 12"
 2477, OC,07 52.3,-38 33,s,Pup, , 27.0, 5.8, ,"!, Cl, B, Ri, L, lC, st 12"
 2482, OC,07 54.9,-24 18,s,Pup, , 12.0, 7.3, ,"Cl, L, cRi, vlC"
 2479, OC,07 55.1,-17 43,s,Pup, ,  7.0,10.0,p,"Cl, pL, pRi, pC, st S"
 2483, OC,07 55.9,-27 56,s,Pup, , 10.0, 7.6, ,"Cl, L, lC"
 2489, OC,07 56.2,-30 04,s,Pup, ,  8.0, 7.9, ,"Cl, pL, cRi, pC, st 11...13"
 2516, OC,07 58.3,-60 52,s,Car, , 30.0, 3.8, ,"Cl, vB, vL, pRi, st 7...13"
I2215, OC,07 59.6,+24 55,x,Gem, ,     ,    , ,"Cl, vS, 30"""
 2506, OC,08 00.2,-10 47,s,Mon, ,  7.0, 7.6, ,"Cl, pL, vRi, C, st 11...20"
 2509, OC,08 00.7,-19 04,s,Pup, ,  8.0, 9.0,p,"Cl, B, pRi, lC, st S"
 2527, OC,08 05.3,-28 10,s,Pup, , 22.0, 6.5, ,"Cl, vL, pRi, lC, st 10...15"
 2533, OC,08 07.0,-29 54,s,Pup, ,  4.0, 7.6, ,"Cl, pL, Ri, C, st 9, 13...14"
 2539, OC,08 10.7,-12 50,s,Pup, , 22.0, 6.5, ,"Cl, vL, Ri, lC, st 11...13"
 2547, OC,08 10.7,-49 16,s,Vel, , 20.0, 4.7, ,"Cl, B, L, lC, st 7...16"
 2546, OC,08 12.4,-37 38,s,Pup, , 41.0, 6.3, ,"Cl, B, L, lC, iE, st 9...12"
 2548, OC,08 13.8,-05 48,s,Hya, , 54.0, 5.8, ,"Cl, vL, pRi, pmC, st 9...13; = M48"
 2568, OC,08 18.0,-37 06,r,Pup, ,     ,    , ,"vF, pL, F* inv"
 2567, OC,08 18.6,-30 38,s,Pup, , 10.0, 7.4, ,"Cl, pL, pRi, lC, iR, st 11...14"
 2571, OC,08 18.9,-29 44,s,Pup, , 13.0, 7.0, ,"Cl, vL, cRi, lC, st 9..."
 2580, OC,08 21.6,-30 19,s,Pup, ,  8.0,10.0,p,"Cl, cL, pRi, pC, R, st 12"
 2588, OC,08 23.2,-32 59,s,Pup, ,  2.0,12.0,p,"Cl, F, S, R, gbM, st 15"
 2587, OC,08 23.5,-29 30,s,Pup, ,  9.0, 9.0,p,"Cl, pmCM, iF, st 9...13"
 2609, OC,08 29.5,-61 06,A,Car, ,     ,    , ,"Cl, pS, lRi, lC"
I 518, OC,08 37.1,+00 41,x,Hya, ,     ,    , ,vF (vS Cl?)
 2627, OC,08 37.3,-29 57,s,Pyx, , 11.0, 8.0,p,"Cl, cL, pRi, pC, st 11...13"
 2635, OC,08 38.5,-34 46,s,Pyx, ,  3.0,11.2, ,"Cl, pmC, irr triangle, st 13..."
 2632, OC,08 40.1,+19 59,s,Cnc, , 95.0, 3.1, ,Praesepe; = M44
I2391, OC,08 40.2,-53 04,s,Vel, , 50.0, 2.5, ,"Cl, co, incl *3.7 (o Vel)"
I2395, OC,08 41.1,-48 12,s,Vel, ,  8.0, 4.6, ,"Cl, co"
 2660, OC,08 42.2,-47 09,s,Vel, ,  4.0, 8.8, ,"Cl, pS, mC, iR, gbM, st 13...15"
 2659, OC,08 42.6,-44 57,s,Vel, ,  3.0, 8.6, ,"Cl, L, Ri, pmE, st 11...14"
 2658, OC,08 43.4,-32 39,s,Pyx, , 12.0, 9.0,p,"Cl, pS, lRi, lC, iF, st 12-13"
 2669, OC,08 44.9,-52 58,s,Vel, , 12.0, 6.1, ,"Cl, L, P, lC, st 10...13"
 2670, OC,08 45.5,-48 47,s,Vel, ,  9.0, 7.8, ,"Cl, pL, P, lC, st 13..."
 2671, OC,08 46.2,-41 53,s,Vel, ,  4.0,12.0,p,"Cl, pRi, lCM, st 12...13"
 2682, OC,08 50.4,+11 49,s,Cnc, , 30.0, 6.9, ,"! Cl, vB, vL, eRi, lC, st 10...15; = M67"
I2438, OC,09 14.0,+73 26,x,Cam, ,     ,    , ,"Cl, 5 or 6 st 13... within 1'.5"
 2818, OC,09 16.0,-36 37,s,Pyx, ,  9.0, 8.2, ,"! glob. cl. , pB, pL, R, vglbM, in L Cl"
 2849, OC,09 19.3,-40 31,r,Vel, ,     ,    , ,"eF, cL, R, vglbM, rr"
I2488, OC,09 27.6,-56 59,s,Vel, , 15.0, 7.0,p,"Cl, co"
 2910, OC,09 30.4,-52 54,s,Vel, ,  5.0, 7.2, ,"Cl, cL, pRi, pC, st 10...14"
 2925, OC,09 33.7,-53 26,s,Vel, , 12.0, 8.0,p,"Cl, pRi, pC, D* taken"
 2972, OC,09 40.3,-50 20,s,Vel, ,  4.0, 9.9, ,"Cl, S, lRi, pC, st 13"
 3033, OC,09 48.8,-56 25,s,Vel, ,  5.0, 8.8, ,"Cl, pL, pRi, iF, st 11...12"
 3036, OC,09 49.3,-62 41,A,Car, ,     ,    , ,"Cl, cL, lC"
 3105, OC,10 00.8,-54 46,s,Vel, ,  2.0, 9.7, ,"Cl, C, lE, st 13...16"
 3114, OC,10 02.7,-60 07,s,Car, , 35.0, 4.2, ,"Cl, eL, lC, B, st 9...14"
 3228, OC,10 21.8,-51 43,s,Vel, , 18.0, 6.0, ,"Cl, 9 L and a few S st"
 3255, OC,10 26.5,-60 40,s,Car, ,  2.0,11.0, ,"Cl, pS, vC, st 15"
I2581, OC,10 27.4,-57 38,s,Car, ,  8.0, 4.3, ,"Cl, around *5.4m"
 3330, OC,10 38.6,-54 09,s,Vel, ,  7.0, 7.4, ,"Cl, P, st 9..."
I2602, OC,10 43.2,-64 24,s,Car, , 50.0, 1.9, ,"Cl, co, incl theta Car"
 3446, OC,10 52.1,-45 09,A,Vel, ,     ,    , ,"Cl, pL, P, lC, iF, st 9...13"
I 656, OC,10 55.1,+17 36,x,Leo, ,     ,    , ,"vS, Cl, neb?"
 3496, OC,10 59.8,-60 20,s,Car, ,  9.0, 8.2, ,"Cl, pL, pRi, lC, st 13"
 3532, OC,11 06.4,-58 40,s,Car, , 55.0, 3.0, ,"!!, Cl, eL, R, lC, st 8...12"
 3590, OC,11 12.9,-60 47,s,Car, ,  4.0, 8.2, ,"Cl, pRi, C, E"
I2714, OC,11 17.9,-62 42,s,Car, , 12.0, 8.0,p,"Cl, pC"
 3680, OC,11 25.7,-43 15,s,Cen, , 12.0, 7.6, ,"Cl, cL, pRi, lC, st 10...14"
I2874, OC,11 29.5,+10 38,x,Leo, ,     ,    , ,"F, pS, iF; Cl?"
 3766, OC,11 36.1,-61 37,s,Cen, , 12.0, 5.3, ,"Cl, pL, pRi, pC, st 8...13"
 3909, OC,11 49.6,-48 15,A,Cen, ,     ,    , ,"Cl, vL, lC, st 9...14"
 3960, OC,11 50.9,-55 42,s,Cen, ,  7.0, 8.3, ,"Cl, pL, pRi, gpmbM, st 13"
 4052, OC,12 01.9,-63 12,s,Cru, ,  8.0, 9.0,p,"Cl, pRi, lC"
 4103, OC,12 06.7,-61 15,s,Cru, ,  7.0, 7.0,p,"Cl, pL, pC, iR, st 10...14"
 4230, OC,12 17.3,-55 08,s,Cen, ,  6.0, 9.0,p,"Cl, F, pL, iF, st 13...15"
I3252, OC,12 23.4,+28 37,x,Com, ,     ,    , ,"F, S, iF; Cl?"
I3262, OC,12 23.8,+27 24,x,Com, ,     ,    , ,"F, S, iF, Cl?"
 4337, OC,12 23.9,-58 08,s,Cru, ,  4.0, 8.9, ,"Cl, pRi, lC, st 12...14"
 4349, OC,12 24.5,-61 54,s,Cru, , 16.0, 7.4, ,"Cl, vB, vL, lC, st 12...14"
 4439, OC,12 28.4,-60 06,s,Cru, ,  4.0, 8.4, ,"Cl, S, st 11...12"
I3421, OC,12 29.6,+26 14,x,Com, ,     ,    , ,"Cl, F, cS, R, bM"
 4463, OC,12 30.0,-64 48,s,Mus, ,  5.0, 7.2, ,"Cl, P, vlC"
I 808, OC,12 41.9,+19 57,x,Com, ,     ,    , ,S nebs Cl
 4609, OC,12 42.3,-62 58,s,Cru, ,  5.0, 6.9, ,"Cl, pL, pC, cE, st 10"
 4755, OC,12 53.6,-60 20,s,Cru, , 10.0, 4.2, ,"Cl, vL, st vB (kappa Cru)"
I3866, OC,12 54.3,+22 22,x,Com, ,     ,    , ,"vF, S, iF, N; Cl?"
I3859, OC,12 54.4,-09 06,x,Vir, ,     ,    , ,vF; eF Cl?
 4815, OC,12 58.0,-64 57,s,Mus, ,  3.0, 8.6, ,"Cl, pL, pRi, iF, st 10...18"
 4852, OC,13 00.1,-59 36,s,Cen, , 11.0, 9.0,p,"Cl, L, pRi, iR, st 10"
I4164, OC,13 05.2,+20 33,x,Com, ,     ,    , ,"vF, S, neb Cl?; *14 n"
 5120, OC,13 26.1,-63 25,o,Cen, ,  3.0,13.0,p,"Cl, eRi, mC, st 12...16"
 5138, OC,13 27.3,-59 01,s,Cen, ,  8.0, 7.6, ,"Cl, Ri, lC, st 11"
 5168, OC,13 31.2,-60 56,s,Cen, ,  4.0, 9.1, ,"Cl, vF, S, vRi, st 15"
 5281, OC,13 46.6,-62 54,s,Cen, ,  5.0, 5.9, ,"Cl, B, S, pC, iR, st 10...12"
 5288, OC,13 48.7,-64 41,s,Cir, ,  4.0,12.0,p,"Cl, S, C, iR, st 14"
 5316, OC,13 53.9,-61 52,s,Cen, , 14.0, 6.0, ,"Cl, pL, pC, st 11"
 5359, OC,13 59.8,-70 24,A,Cir, ,     ,    , ,"Cl, vL, lRi, lC, st 11"
 5381, OC,14 00.6,-59 34,s,Cen, , 14.0,    , ,"Cl, Ri, vC, pL, st 11...12"
 5460, OC,14 07.6,-48 19,s,Cen, , 25.0, 5.6, ,"Cl, vL, vlC, st 8..."
 5593, OC,14 25.8,-54 49,r,Lup, ,     ,    , ,"Cl, vlRi, vlC, st 10"
 5606, OC,14 27.8,-59 38,s,Cen, ,  3.0, 7.7, ,"Cl, S, pC, st L & S"
I4470, OC,14 28.1,+78 54,x,UMi, ,     ,    , ,"Cl, eF, S; neb?"
 5617, OC,14 29.8,-60 43,s,Cen, , 10.0, 6.3, ,"Cl, L, pRi, pCM, st 8..."
 5662, OC,14 35.2,-56 33,s,Cen, , 12.0, 5.5, ,"Cl, L, pRi, lC, st 9..."
 5715, OC,14 43.4,-57 33,s,Cir, ,  6.0,10.0,p,"Cl, L, pRi, CM, st 11...13"
 5749, OC,14 48.9,-54 31,s,Lup, ,  8.0, 9.0,p,"Cl, pL, pRi, lC, st 10...11"
 5764, OC,14 53.6,-52 41,s,Lup, ,  2.0,13.0,p,"Cl, vF, vS, vC"
 5822, OC,15 05.2,-54 21,s,Lup, , 40.0, 7.0,p,"Cl, vL, Ri, lC, st 9...12"
 5823, OC,15 05.7,-55 36,s,Cir, , 10.0, 7.9, ,"Cl, cL, Ri, lCM, st 13...14"
 5925, OC,15 27.7,-54 31,s,Nor, , 15.0, 8.0,p,"Cl, vL, vRi, lC, st 11...14"
 5999, OC,15 52.2,-56 28,s,Nor, ,  5.0, 9.0,p,"Cl, L, pRi, st 12...14"
 6005, OC,15 55.8,-57 26,s,Nor, ,  3.0,10.7, ,"Cl, pS, pRi, mC, st 16"
 6025, OC,16 03.7,-60 30,s,TrA, , 12.0, 5.1, ,"Cl, B, vL, pRi, lC, st 7..."
 6031, OC,16 07.6,-54 04,s,Nor, ,  2.0, 8.5, ,"Cl, S, mC, st 11...14"
 6067, OC,16 13.2,-54 13,s,Nor, , 13.0, 5.6, ,"Cl, vB, vL, vRi, lC, st 10..."
 6087, OC,16 18.9,-57 54,s,Nor, , 12.0, 5.4, ,"Cl, B, L, lC, st 7...10"
 6115, OC,16 24.6,-51 58,o,Nor, ,  3.0,11.0,p,"Cl, eL, eRi"
 6124, OC,16 25.6,-40 40,s,Sco, , 29.0, 5.8, ,"Cl, B, L, pRi, lCM, st 9...11"
 6134, OC,16 27.7,-49 09,s,Nor, ,  7.0, 7.2, ,"Cl, cL, pRi, lCM, st 13...15"
 6152, OC,16 32.7,-52 37,s,Nor, , 30.0, 8.0,p,"Cl, L, lC, st L"
 6169, OC,16 34.1,-44 03,s,Nor, ,  7.0, 7.0,p,"Cl, mu Nor inv"
 6167, OC,16 34.4,-49 36,s,Nor, ,  8.0, 6.7, ,"Cl, L, lC, iF"
 6178, OC,16 35.7,-45 38,s,Sco, ,  4.0, 7.2, ,"Cl, B, S, st pL"
 6192, OC,16 40.3,-43 22,s,Sco, ,  8.0, 9.0,p,"Cl, pL, pRi, iR, st 11...14"
 6193, OC,16 41.3,-48 46,s,Ara, , 15.0, 5.2, ,"Cl, vL, lRi, lC, rrr, F neb inv"
 6200, OC,16 44.2,-47 29,s,Ara, , 12.0, 7.4, ,Cl (in Milky Way)
 6204, OC,16 46.5,-47 01,s,Ara, ,  5.0, 8.2, ,"Cl, pRi, eiCM, st 11...12"
 6216, OC,16 49.4,-44 44,s,Sco, ,  4.0,10.0,p,"Cl, pS, pRi, pC, st 12...15"
 6208, OC,16 49.5,-53 49,s,Ara, , 16.0, 7.2, ,"Cl, L, Ri, lCM, st 9...12"
 6222, OC,16 50.7,-44 45,r,Sco, ,     ,10.0,p,"Cl, vL, vRi, lbM, st 12...13"
 6242, OC,16 55.6,-39 30,s,Sco, ,  9.0, 6.4, ,"Cl, B, L, Ri, st 8...11"
 6249, OC,16 57.6,-44 47,s,Sco, ,  6.0, 8.2, ,"Cl, pRi, vlC, iF, st L & S"
 6250, OC,16 58.0,-45 48,s,Ara, ,  8.0, 5.9, ,"Cl, L, lRi, lC, st 8...12"
 6253, OC,16 59.1,-52 43,s,Ara, ,  5.0,10.0,p,"Cl, S, triangular, st 13"
 6259, OC,17 00.7,-44 40,s,Sco, , 10.0, 8.0, ,"! Cl, B, vL, vRi, st 11..."
 6268, OC,17 02.4,-39 44,s,Sco, ,  6.0,10.0,p,"Cl, B, pL, cRi, st 10..."
I4648, OC,17 16.0,+45 52,x,Her, ,     ,    , ,"Cl, vS, neb, vF D* inv"
 6318, OC,17 17.8,-39 27,s,Sco, ,  4.0,12.0,p,"Cl, pL, Ri, R, gbM, st 12...14"
 6322, OC,17 18.5,-42 57,s,Sco, , 10.0, 6.0, ,"Cl, vL, pRi, lC (place of * nf)"
I4651, OC,17 24.7,-49 57,s,Ara, , 12.0, 6.9, ,"Cl, pC"
 6374, OC,17 32.3,-32 36,s,Sco, ,  3.0, 9.0, ,"Cl, S, P, B* inv"
 6396, OC,17 38.1,-35 00,s,Sco, ,  3.0, 8.5, ,"Cl, pL, lRi, lC"
 6404, OC,17 39.6,-33 15,s,Sco, ,  5.0,11.0,p,"Cl, F, L, pRi, lC, st 13...15"
 6405, OC,17 40.1,-32 13,s,Sco, , 15.0, 4.2, ,"Cl, L, iR, lC, st 7, 10...; = M6"
 6400, OC,17 40.8,-36 57,s,Sco, ,  8.0, 9.0,p,"Cl, pL, pRi, iR, st 9...10"
 6416, OC,17 44.4,-32 21,s,Sco, , 18.0, 5.7, ,"Cl, vL, Ri, lC"
I4665, OC,17 46.3,+05 43,s,Oph, , 41.0, 4.2, ,"Cl, co"
 6425, OC,17 46.9,-31 32,s,Sco, ,  8.0, 7.2, ,"Cl, pS, lRi, lC, st 10...12"
 6444, OC,17 49.5,-34 49,s,Sco, , 12.0,    , ,"Cl, vL, vRi, st 12...13"
 6451, OC,17 50.7,-30 13,s,Sco, ,  8.0, 8.0,p,"Cl, pL, pRi, bifid, st 12..."
 6469, OC,17 52.9,-22 21,s,Sgr, , 12.0, 8.0,p,"Cl, pRi (in Milky Way)"
 6475, OC,17 53.9,-34 49,s,Sco, , 80.0, 3.3, ,"Cl, vB, pRi, lC, st 7...12; = M7"
 6494, OC,17 56.8,-19 01,s,Sgr, , 27.0, 5.5, ,"Cl, B, vL, pRi, lC, st 10...; = M23"
 6507, OC,17 59.6,-17 24,s,Sgr, ,  7.0,10.0,p,"Cl, pS, lRi, lC"
 6520, OC,18 03.4,-27 54,s,Sgr, ,  6.0, 8.0,p,"Cl, pS, Ri, lC, st 9...13"
 6531, OC,18 04.6,-22 30,s,Sgr, , 13.0, 5.9, ,"Cl, pRi, lC, st 9...12; = M21"
 6530, OC,18 04.8,-24 20,s,Sgr, , 15.0, 4.6, ,"Cl, B, L, pRi, f M8"
I1272, OC,18 04.9,+25 05,x,Her, ,     ,    , ,S Cl
I1273, OC,18 05.0,+25 07,x,Her, ,     ,    , ,"vF, S Cl with neb? *10 f 3'"
 6540, OC,18 06.3,-27 49,s,Sgr, ,  1.0,15.0,p,"pF, S, iE, er or Cl"
 6546, OC,18 07.2,-23 20,s,Sgr, , 13.0, 8.0, ,"Cl, vL, vRi"
I1277, OC,18 10.2,+31 00,x,Her, ,     ,    , ,S Cl
 6568, OC,18 12.8,-21 36,s,Sgr, , 13.0, 9.0,p,"Cl, vL, lC"
 6583, OC,18 15.8,-22 08,s,Sgr, ,  3.0,10.0,p,"Cl, pRi, pC, cE, st 13..."
I1285, OC,18 16.1,+25 06,x,Her, ,     ,    , ,S Cl
 6595, OC,18 17.0,-19 53,s,Sgr, , 11.0, 7.0,p,"F, pL, cE, **  inv; = IC 4700"
 6605, OC,18 17.1,-14 58,s,Ser, ,     , 6.0,p,"Cl, lRi, lC, st 10...12"
 6596, OC,18 17.5,-16 40,s,Sgr, ,     ,    , ,"Cl, lC"
 6603, OC,18 18.4,-18 25,s,Sgr, ,  5.0,11.0,p,"!, Cl, vRi, vmC, R, st 15 (Milky Way)"
I4703, OC,18 18.9,-13 47,x,Ser, ,     ,    , ,"B, eL, Cl M16 inv"
 6613, OC,18 19.9,-17 08,s,Sgr, ,  9.0, 6.9, ,"Cl, P, vlC; = M18"
 6625, OC,18 23.2,-12 03,s,Sct, ,     , 9.0,p,"Cl, lC, lRi, st 11...12"
 6631, OC,18 27.2,-12 02,s,Sct, ,  5.0,12.0,p,"Cl, pL, pRi, st 12...15"
 6633, OC,18 27.7,+06 34,s,Oph, , 27.0, 4.6, ,"Cl, lC, st L"
 6639, OC,18 30.1,-13 12,r,Sct, ,     ,    , ,Cl (in Milky Way)
 6647, OC,18 31.5,-17 21,s,Sgr, ,     , 8.0,p,"Cl, L, Ri, lC, st vS"
I4725, OC,18 31.6,-19 15,s,Sgr, , 32.0, 4.6, ,"Cl, pC; = M25"
I4762, OC,18 32.5,+67 50,x,Dra, ,     ,    , ,"vF, eS, Cl or * with neb"
 6645, OC,18 32.6,-16 54,s,Sgr, , 10.0, 9.0,p,"Cl, pL, vRi, pC, st 11...15"
 6649, OC,18 33.5,-10 24,s,Sct, ,  6.0, 8.9, ,"Cl, P, lC, pS, st 9-10, 12...13"
 6664, OC,18 36.7,-08 13,s,Sct, , 16.0, 7.8, ,"Cl, L, pRi, vlC"
I4756, OC,18 39.0,+05 27,s,Ser, , 52.0, 5.0,p,"Cl, C"
I4768, OC,18 41.8,-05 31,x,Sct, ,     ,    , ,"Cl, D, st sc"
 6683, OC,18 42.2,-06 17,s,Sct, , 11.0,10.0,p,"Cl, vRi, vlC (in Milky Way)"
 6694, OC,18 45.2,-09 24,s,Sct, , 15.0, 8.0, ,"Cl, cL, pRi, pC, st 12...15; = M26"
 6704, OC,18 50.9,-05 12,s,Sct, ,  6.0, 9.2, ,"Cl, B, 60 st 13"
 6705, OC,18 51.1,-06 16,s,Sct, , 14.0, 5.8, ,"!, Cl, vB, L, iR, Ri, *9, st 11...; = M11"
 6709, OC,18 51.5,+10 21,s,Aql, , 13.0, 6.7, ,"Cl, pRi, lC, iF"
 6716, OC,18 54.6,-19 53,s,Sgr, ,  7.0, 6.9, ,"Cl, pRi, st 9...13"
 6735, OC,19 00.8,-00 28,F,Aql, ,     ,    , ,"Cl, vL, P, st 12..."
 6738, OC,19 01.4,+11 36,s,Aql, , 15.0, 8.0,p,"Cl, P, lC"
 6755, OC,19 07.8,+04 14,s,Aql, , 15.0, 7.5, ,"Cl, vL, vRi, pC, st 12...14"
 6756, OC,19 08.7,+04 41,s,Aql, ,  4.0,11.0,p,"Cl, S, Ri, lC, st 11...12"
 6774, OC,19 16.6,-16 16,r,Sgr, ,     ,    , ,"Cl, vL, lC"
I1298, OC,19 18.5,-01 37,x,Aql, ,     ,    , ,"vS Cl, 6778 p 3'"
 6791, OC,19 20.7,+37 51,s,Lyr, , 16.0, 9.5, ,vF
I1299, OC,19 22.6,+20 45,x,Vul, ,     ,    , ,S Cl of vF st
 6793, OC,19 23.2,+22 11,r,Vul, ,     ,    , ,"Cl, P, lC"
 6800, OC,19 27.2,+25 08,s,Vul, ,     ,    , ,"Cl, vL, pRi, vlC, st 10..."
 6802, OC,19 30.6,+20 16,s,Vul, ,  3.0, 8.8, ,"Cl, L, vC, E 0deg , st 14...18"
 6811, OC,19 38.2,+46 34,s,Cyg, , 13.0, 6.8, ,"Cl, L, pRi, lC, st 11..14"
 6815, OC,19 40.9,+26 51,r,Vul, ,     ,    , ,"Cl, vL, pRi, lC, st 10...15"
 6819, OC,19 41.3,+40 11,s,Cyg, ,  5.0, 7.3, ,"Cl, vL, vRi, st 11...15"
 6823, OC,19 43.1,+23 18,s,Vul, , 12.0, 7.1, ,"Cl, cRi, E, st 11...12"
 6827, OC,19 48.9,+21 13,r,Vul, ,     ,    , ,"vF, E, dif, sev st inv"
 6830, OC,19 51.0,+23 04,s,Vul, , 12.0, 7.9, ,"Cl, L, pRi, pC, st 11...12"
 6834, OC,19 52.2,+29 25,s,Cyg, ,  5.0, 7.8, ,"Cl, P, lC, st 11...12"
 6837, OC,19 53.5,+11 41,A,Aql, ,     ,    , ,"Cl, S, P"
 6840, OC,19 55.3,+12 06,A,Aql, ,     ,    , ,"Cl, P, lC"
 6843, OC,19 56.1,+12 09,A,Aql, ,     ,    , ,"Cl, S, P"
 6846, OC,19 56.5,+30 21,r,Cyg, ,     ,14.0,p,"eF, vS, 3 st inv"
 6866, OC,20 03.7,+44 00,s,Cyg, ,  7.0, 7.6, ,"Cl, L, vRi, cC"
 6871, OC,20 05.9,+35 47,s,Cyg, , 20.0, 5.2, ,"Cl, st L and S, **  inv"
 6883, OC,20 11.3,+35 51,s,Cyg, , 15.0, 8.0,p,"Cl, pRi, **  inv"
 6882, OC,20 11.7,+26 33,s,Vul, , 18.0, 8.1, ,"Cl, P, lC"
 6885, OC,20 12.0,+26 29,s,Vul, ,  7.0, 6.0,p,"Cl, vB, vL, Ri, lC, st 6...11"
I4996, OC,20 16.5,+37 38,s,Cyg, ,  6.0, 7.3, ,"Cl, st 8...13"
 6910, OC,20 23.1,+40 47,s,Cyg, ,  8.0, 7.4, ,"Cl, pB, pS, P, pC, st 10...12"
 6913, OC,20 23.9,+38 32,s,Cyg, ,  7.0, 6.6, ,"Cl, P, lC, st L and S; = M29"
 6939, OC,20 31.4,+60 38,s,Cep, ,  8.0, 7.8, ,"Cl, pL, eRi, pCM, st 11...16"
 6940, OC,20 34.6,+28 18,s,Vul, , 31.0, 6.3, ,"Cl, vB, vL, vRi, cC, st pL"
 6996, OC,20 56.4,+45 28,A,Cyg, ,     ,    , ,"Cl, P, lC"
 6997, OC,20 56.5,+44 38,o,Cyg, , 15.0,10.0,p,"Cl, P, lC, st L"
 6991, OC,20 56.6,+47 25,r,Cyg, ,     ,    , ,"Cl, L, P, vlC"
 6994, OC,20 59.0,-12 38,s,Aqr, ,  3.0, 9.0,p,"Cl, eP, vlC, no neb; = M73"
 7005, OC,21 02.0,-12 53,F,Aqr, ,     ,    , ,"Cl, S, P"
I5079, OC,21 05.5,-56 15,x,Ind, ,     ,    , ,"F, S, E; vS Cl or ring? (RA +/- )"
 7031, OC,21 07.3,+50 50,s,Cyg, ,  5.0, 9.1, ,"Cl of triple st, lC"
 7039, OC,21 11.2,+45 39,s,Cyg, , 25.0, 7.6, ,"Cl, vL, pRi, E, st 10..."
I1369, OC,21 12.1,+47 44,s,Cyg, ,  4.0, 6.8, ,S neb Cl of st 13m
 7044, OC,21 12.9,+42 29,r,Cyg, ,     ,11.0,p,"Cl, vF, pL, vRi, vC st 15...18"
 7062, OC,21 23.2,+46 23,s,Cyg, ,  7.0, 8.3, ,"Cl, pS, pRi, pC, st 13..."
 7067, OC,21 24.2,+48 01,s,Cyg, ,  3.0, 9.7, ,"Cl, P, neb?"
 7063, OC,21 24.4,+36 30,s,Cyg, ,  8.0, 7.0, ,"Cl, P, st 10..."
 7082, OC,21 29.4,+47 05,s,Cyg, , 25.0, 7.2, ,"Cl, L, cRi, lC, st 10...13"
I5112, OC,21 29.5,+06 47,x,Peg, ,     ,    , ,"Cl, eF, eS"
I5113, OC,21 29.7,+06 49,x,Peg, ,     ,    , ,"Cl, eF, S; nebs?"
 7086, OC,21 30.5,+51 35,s,Cyg, ,  9.0, 8.4, ,"Cl, cL, vRi, pC, st 11...16"
 7092, OC,21 32.2,+48 26,s,Cyg, , 32.0, 4.6, ,"Cl, vL, vP, vlC, st 7...10; = M39"
 7127, OC,21 43.9,+54 37,s,Cyg, ,  3.0,    , ,"Cl, S, P, lC"
 7128, OC,21 44.0,+53 43,s,Cyg, ,  3.0, 9.7, ,"Cl, S, pRi, has a ruby *9.5"
 7142, OC,21 45.9,+65 48,s,Cep, ,  4.0, 9.3, ,"Cl, cL, cRi, pC, st 11...14"
 7160, OC,21 53.7,+62 36,s,Cep, ,  7.0, 6.1, ,"Cl, P, vlC"
 7209, OC,22 05.2,+46 30,s,Lac, , 25.0, 6.7, ,"Cl, L, cRi, pC, st 9...12"
 7226, OC,22 10.5,+55 25,s,Cep, ,  2.0, 9.6, ,"pB, L, in cluster"
I1434, OC,22 10.5,+52 50,s,Lac, ,  8.0, 9.0,p,"fine Cl, 6 branches, st 12-15m"
 7235, OC,22 12.6,+57 17,s,Cep, ,  4.0, 7.7, ,"Cl, pC, has a ruby *10"
 7243, OC,22 15.3,+49 53,s,Lac, , 21.0, 6.4, ,"Cl, L, P, lC, st vL"
 7245, OC,22 15.3,+54 20,s,Lac, ,  5.0, 9.2, ,"Cl, C, st eS"
I1442, OC,22 16.5,+54 03,s,Lac, ,     , 9.1, ,Cl of neb stars
 7261, OC,22 20.4,+58 05,s,Cep, ,  6.0, 8.4, ,"Cl, L, pRi, lC"
 7281, OC,22 24.7,+57 50,s,Cep, ,     ,    , ,"Cl, L, pRi, lC, st 10...16"
 7296, OC,22 28.2,+52 17,s,Lac, ,  4.0,10.0,p,"Cl, iR, lC, st vS"
 7419, OC,22 54.3,+60 50,s,Cep, ,  2.0,13.0,p,"Cl, pRi, cC"
 7423, OC,22 55.3,+57 08,o,Cep, ,  6.0,15.0,p,"vF, pL, iF, er"
 7429, OC,22 55.9,+59 59,s,Cep, ,     ,    , ,"Cl, P, pC, st 9...11"
I1465, OC,23 02.9,+16 35,x,Peg, ,     ,    , ,vF; vS Cl?
 7510, OC,23 11.5,+60 34,s,Cep, ,  4.0, 7.9, ,"Cl, pRi, pC, fan-sh, st pB"
I1476, OC,23 15.3,+30 33,x,Peg, ,     ,    , ,S Cl?
I1480, OC,23 19.0,+11 19,x,Peg, ,     ,    , ,"vS Cl, nebs?"
 7654, OC,23 24.2,+61 35,s,Cas, , 13.0, 6.9, ,"Cl, L, Ri, mCM, R, st 9...13; = M52"
 7686, OC,23 30.2,+49 08,s,And, , 15.0, 5.6, ,"Cl, P, lC, st 7...11"
 7762, OC,23 49.8,+68 02,s,Cep, , 11.0,10.0,p,"Cl, pRi, pC, st 11...15"
 7772, OC,23 51.8,+16 15,r,Peg, ,     ,    , ,Cl of sc st 10m
 7788, OC,23 56.7,+61 24,s,Cas, ,  9.0, 9.0,p,"Cl, S, pRi, vC, st 10, 13..."
 7789, OC,23 57.0,+56 44,s,Cas, , 16.0, 6.7, ,"Cl, vL, vRi, vmC, st 11...18"
 7790, OC,23 58.4,+61 13,s,Cas, , 17.0, 8.5, ,"Cl, pRi, pC"
